-- phpMyAdmin SQL Dump
-- version 4.6.6deb5
-- https://www.phpmyadmin.net/
--
-- Host: localhost:3306
-- Generation Time: Mar 23, 2018 at 09:26 AM
-- Server version: 10.2.13-MariaDB-10.2.13+maria~artful-log
-- PHP Version: 7.1.15-0ubuntu0.17.10.1

SET SQL_MODE = "NO_AUTO_VALUE_ON_ZERO";
SET time_zone = "+00:00";


/*!40101 SET @OLD_CHARACTER_SET_CLIENT=@@CHARACTER_SET_CLIENT */;
/*!40101 SET @OLD_CHARACTER_SET_RESULTS=@@CHARACTER_SET_RESULTS */;
/*!40101 SET @OLD_COLLATION_CONNECTION=@@COLLATION_CONNECTION */;
/*!40101 SET NAMES utf8mb4 */;

--
-- Database: `e_com`
--

-- --------------------------------------------------------

--
-- Table structure for table `cart`
--

CREATE TABLE `cart` (
  `p_id` int(10) NOT NULL,
  `ip_add` varchar(255) NOT NULL,
  `qty` int(10) NOT NULL,
  `size` text NOT NULL
) ENGINE=InnoDB DEFAULT CHARSET=latin1;

-- --------------------------------------------------------

--
-- Table structure for table `categories`
--

CREATE TABLE `categories` (
  `cat_id` int(11) NOT NULL,
  `cat_title` text NOT NULL,
  `cat_desc` text NOT NULL
) ENGINE=InnoDB DEFAULT CHARSET=latin1;

--
-- Dumping data for table `categories`
--

INSERT INTO `categories` (`cat_id`, `cat_title`, `cat_desc`) VALUES
(1, 'Man', 'Sunt amet velit magna aliqua nostrud id sunt reprehenderit. Enim non aute quis officia cupidatat sit laboris ullamco cillum commodo. Ipsum reprehenderit adipisicing cillum dolor veniam sint est. Dolor anim deserunt laboris dolore et fugiat amet quis consequat mollit duis.'),
(2, 'Woman', 'Sunt amet velit magna aliqua nostrud id sunt reprehenderit. Enim non aute quis officia cupidatat sit laboris ullamco cillum commodo. Ipsum reprehenderit adipisicing cillum dolor veniam sint est. Dolor anim deserunt laboris dolore et fugiat amet quis consequat mollit duis.'),
(3, 'Kids', 'Sunt amet velit magna aliqua nostrud id sunt reprehenderit. Enim non aute quis officia cupidatat sit laboris ullamco cillum commodo. Ipsum reprehenderit adipisicing cillum dolor veniam sint est. Dolor anim deserunt laboris dolore et fugiat amet quis consequat mollit duis.'),
(4, 'Others', 'Sunt amet velit magna aliqua nostrud id sunt reprehenderit. Enim non aute quis officia cupidatat sit laboris ullamco cillum commodo. Ipsum reprehenderit adipisicing cillum dolor veniam sint est. Dolor anim deserunt laboris dolore et fugiat amet quis consequat mollit duis.');

-- --------------------------------------------------------

--
-- Table structure for table `customers`
--

CREATE TABLE `customers` (
  `customer_id` int(10) NOT NULL,
  `customer_name` varchar(255) NOT NULL,
  `customer_email` varchar(255) NOT NULL,
  `customer_pass` varchar(255) NOT NULL,
  `customer_country` text NOT NULL,
  `customer_city` text NOT NULL,
  `customer_contact` varchar(255) NOT NULL,
  `customer_address` text NOT NULL,
  `customer_image` text NOT NULL,
  `customer_ip` varchar(255) NOT NULL
) ENGINE=InnoDB DEFAULT CHARSET=latin1;

--
-- Dumping data for table `customers`
--

INSERT INTO `customers` (`customer_id`, `customer_name`, `customer_email`, `customer_pass`, `customer_country`, `customer_city`, `customer_contact`, `customer_address`, `customer_image`, `customer_ip`) VALUES
(1, 'Md. Abiruzzaman Molla', 'abiruzzaman.molla@gmail.com', 'abir', 'Bangladesh', 'Feni', 'afdfsdfdf', 'dasfsdfdfs', 'john_cena.jpg', '::1'),
(2, 'Brok', 'bra@dsafdsf.gm', 'rootfdafsdf', 'Bosnia and Herzegowina', 'dfas', 'fsdfsd', 'fdsffdfdsfds', '22582156_1954167981472936_7572288438204891136_n.jpg', '::1'),
(3, 'Md. Abiruzzaman Molla', 'dfadsfddsfd@fsdgfd.hh', 'root', 'Bangladesh', 'Feni', 'fsdgdfg', 'fgdfsg', 'ubuntu_14_04_gray_wallpaper.jpg', '::1');

-- --------------------------------------------------------

--
-- Table structure for table `customer_orders`
--

CREATE TABLE `customer_orders` (
  `order_id` int(10) NOT NULL,
  `customer_id` int(10) NOT NULL,
  `due_amount` int(100) NOT NULL,
  `invoice_no` int(100) NOT NULL,
  `qty` int(10) NOT NULL,
  `size` text NOT NULL,
  `order_date` timestamp NOT NULL DEFAULT current_timestamp() ON UPDATE current_timestamp(),
  `order_status` text NOT NULL
) ENGINE=InnoDB DEFAULT CHARSET=latin1;

--
-- Dumping data for table `customer_orders`
--

INSERT INTO `customer_orders` (`order_id`, `customer_id`, `due_amount`, `invoice_no`, `qty`, `size`, `order_date`, `order_status`) VALUES
(2, 1, 490, 1099403513, 2, 'Small', '2018-03-23 06:14:11', 'pending'),
(3, 1, 600, 1099403513, 3, 'medium', '2018-03-23 06:14:11', 'pending');

-- --------------------------------------------------------

--
-- Table structure for table `panding_orders`
--

CREATE TABLE `panding_orders` (
  `order_id` int(10) NOT NULL,
  `customer_id` int(10) NOT NULL,
  `invoice_no` int(10) NOT NULL,
  `product_id` text NOT NULL,
  `qty` int(100) NOT NULL,
  `size` text NOT NULL,
  `order_status` text NOT NULL
) ENGINE=InnoDB DEFAULT CHARSET=latin1;

--
-- Dumping data for table `panding_orders`
--

INSERT INTO `panding_orders` (`order_id`, `customer_id`, `invoice_no`, `product_id`, `qty`, `size`, `order_status`) VALUES
(1, 1, 1099403513, '28', 2, 'Small', 'pending'),
(2, 1, 1099403513, '6', 3, 'medium', 'pending');

-- --------------------------------------------------------

--
-- Table structure for table `products`
--

CREATE TABLE `products` (
  `product_id` int(10) NOT NULL,
  `p_cat_id` int(10) NOT NULL,
  `cat_id` int(10) NOT NULL,
  `date` timestamp NOT NULL DEFAULT current_timestamp() ON UPDATE current_timestamp(),
  `product_title` varchar(100) NOT NULL,
  `product_img1` text NOT NULL,
  `product_img2` text NOT NULL,
  `product_img3` text NOT NULL,
  `product_price` int(10) NOT NULL,
  `product_disc` text NOT NULL,
  `product_keywords` text NOT NULL
) ENGINE=InnoDB DEFAULT CHARSET=latin1;

--
-- Dumping data for table `products`
--

INSERT INTO `products` (`product_id`, `p_cat_id`, `cat_id`, `date`, `product_title`, `product_img1`, `product_img2`, `product_img3`, `product_price`, `product_disc`, `product_keywords`) VALUES
(1, 1, 1, '2018-03-16 13:49:44', 'Polo Man T-Shirt', 'Black Blouse Versace Coat1.jpg', 'Black Blouse Versace Coat2.jpg', 'Black Blouse Versace Coat3.jpg', 200, '<p>jdkjadsflkj lfajdslk flkajfdlkjf dslfksjd ljaflsdkjfsdlkjfalsd kjfsld;kjaf lkafj sdlfkjdsal;fkjds ;lfsdafl;kjds fl;kdj;lfkjds;lafkjsd f;lkjsd;la fkjsdfl; ksdfjlsdkjfa;lsdkfjdskl;a</p>', 'man'),
(4, 5, 3, '2016-10-18 11:27:46', 'U.S. Polo Assn. Blue Polos shirt', 'U-S--Polo-Assn--Blue-Polos-0266-586842-1-pdp_slider_l.jpg', 'U-S--Polo-Assn--Blue-Polos-0268-586842-2-pdp_slider_l.jpg', 'U-S--Polo-Assn--Blue-Polos-0271-586842-3-pdp_slider_l.jpg', 69, '<p>Integer tristique dictum sapien et lacinia. Pellentesque habitant morbi tristique senectus et netus et malesuada fames ac turpis egestas. Sed sed imperdiet magna, at rhoncus arcu. Cras tincidunt felis eu vehicula consequat. Proin vel gravida quam. In tincidunt aliquam nisl. Sed velit erat, aliquam sit amet metus eget, molestie auctor nulla.</p>', 'T-Shirt'),
(5, 5, 3, '2016-10-18 11:30:07', 'BENETTON White Polo Shirt', 'United-Colors-of-Benetton-White-Polo-Shirt-0608-0914361-1-pdp_slider_l.jpg', 'United-Colors-of-Benetton-White-Polo-Shirt-0608-0914361-2-pdp_slider_l.jpg', 'United-Colors-of-Benetton-White-Polo-Shirt-0609-0914361-3-pdp_slider_l.jpg', 98, '<p>Integer tristique dictum sapien et lacinia. Pellentesque habitant morbi tristique senectus et netus et malesuada fames ac turpis egestas. Sed sed imperdiet magna, at rhoncus arcu. Cras tincidunt felis eu vehicula consequat. Proin vel gravida quam. In tincidunt aliquam nisl. Sed velit erat, aliquam sit amet metus eget, molestie auctor nulla</p>', 'T-Shirt'),
(6, 4, 2, '2016-10-19 05:26:46', 'Nice Solid Long Coat With Lace', 'fur coat with button1.jpg', 'fur coat with button2.jpg', 'fur coat with button3.jpg', 200, '<p>Video provides a powerful way to help you prove your point. When you click Online Video, you can paste in the embed code for the video you want to add. You can also type a keyword to search online for the video that best fits your document. kingVideo provides a powerful way to help you prove your point. When you click Online Video, you can paste in the embed code for the video you want to add. You can also type a keyword to search online for the video that best fits your document</p>', 'Coats'),
(7, 1, 1, '2016-10-18 11:39:17', 'Jack & White Solid Denim Jacket', 'Jack---Jones-White-Solid-Denim-Jacket-3115-5549091-1-pdp_slider_l.jpg', 'Jack---Jones-White-Solid-Denim-Jacket-3115-5549091-2-pdp_slider_l.jpg', 'Jack---Jones-White-Solid-Denim-Jacket-3115-5549091-3-pdp_slider_l.jpg', 96, '<p>Integer tristique dictum sapien et lacinia. Pellentesque habitant morbi tristique senectus et netus et malesuada fames ac turpis egestas. Sed sed imperdiet magna, at rhoncus arcu. Cras tincidunt felis eu vehicula consequat. Proin vel gravida quam. In tincidunt aliquam nisl. Sed velit erat, aliquam sit amet metus eget, molestie auctor nulla.</p>', 'Jackets'),
(8, 1, 1, '2016-10-18 11:36:32', 'Denim Borg Lined Western Jacket', 'Next-Denim-Borg-Lined-Western-Jacket-0463-0064553-1-pdp_slider_l.jpg', 'Next-Denim-Borg-Lined-Western-Jacket-0463-0064553-2-pdp_slider_l.jpg', 'Next-Denim-Borg-Lined-Western-Jacket-0465-0064553-3-pdp_slider_l.jpg', 259, '<p>Integer tristique dictum sapien et lacinia. Pellentesque habitant morbi tristique senectus et netus et malesuada fames ac turpis egestas. Sed sed imperdiet magna, at rhoncus arcu. Cras tincidunt felis eu vehicula consequat. Proin vel gravida quam. In tincidunt aliquam nisl. Sed velit erat, aliquam sit amet metus eget, molestie auctor nulla.</p>', 'Jackets'),
(9, 1, 1, '2016-10-18 11:35:04', 'Navy Blue Solid Denim Jacket', 'Levi-s-Blue-Solid-Denim-Jacket-5953-6506172-1-pdp_slider_l.jpg', 'Levi-s-Blue-Solid-Denim-Jacket-5953-6506172-2-pdp_slider_l.jpg', 'Levi-s-Blue-Solid-Denim-Jacket-5953-6506172-3-pdp_slider_l.jpg', 230, '<p>Integer tristique dictum sapien et lacinia. Pellentesque habitant morbi tristique senectus et netus et malesuada fames ac turpis egestas. Sed sed imperdiet magna, at rhoncus arcu. Cras tincidunt felis eu vehicula consequat. Proin vel gravida quam. In tincidunt aliquam nisl. Sed velit erat, aliquam sit amet metus eget, molestie auctor nulla.</p>', 'Jackets'),
(10, 4, 2, '2016-10-18 11:43:52', 'Sleeveless Faux Fur Hybrid Coat', 'Black Blouse Versace Coat1.jpg', 'Black Blouse Versace Coat2.jpg', 'Black Blouse Versace Coat3.jpg', 245, '<p>Integer tristique dictum sapien et lacinia. Pellentesque habitant morbi tristique senectus et netus et malesuada fames ac turpis egestas. Sed sed imperdiet magna, at rhoncus arcu. Cras tincidunt felis eu vehicula consequat. Proin vel gravida quam. In tincidunt aliquam nisl. Sed velit erat, aliquam sit amet metus eget, molestie auctor nulla.Integer tristique dictum sapien et lacinia. Pellentesque habitant morbi tristique senectus et netus et malesuada fames ac turpis egestas. Sed sed imperdiet magna, at rhoncus arcu. Cras tincidunt felis eu vehicula consequat. Proin vel gravida quam. In tincidunt aliquam nisl. Sed velit erat, aliquam sit amet metus eget, molestie auctor nulla.</p>', 'Coats'),
(11, 2, 3, '2016-10-18 11:27:46', 'U.S. Polo Assn. Blue Polos shirt', 'U-S--Polo-Assn--Blue-Polos-0266-586842-1-pdp_slider_l.jpg', 'U-S--Polo-Assn--Blue-Polos-0268-586842-2-pdp_slider_l.jpg', 'U-S--Polo-Assn--Blue-Polos-0271-586842-3-pdp_slider_l.jpg', 69, '<p>Integer tristique dictum sapien et lacinia. Pellentesque habitant morbi tristique senectus et netus et malesuada fames ac turpis egestas. Sed sed imperdiet magna, at rhoncus arcu. Cras tincidunt felis eu vehicula consequat. Proin vel gravida quam. In tincidunt aliquam nisl. Sed velit erat, aliquam sit amet metus eget, molestie auctor nulla.</p>', 'T-Shirt'),
(12, 2, 3, '2016-10-18 11:30:07', 'BENETTON White Polo Shirt', 'United-Colors-of-Benetton-White-Polo-Shirt-0608-0914361-1-pdp_slider_l.jpg', 'United-Colors-of-Benetton-White-Polo-Shirt-0608-0914361-2-pdp_slider_l.jpg', 'United-Colors-of-Benetton-White-Polo-Shirt-0609-0914361-3-pdp_slider_l.jpg', 98, '<p>Integer tristique dictum sapien et lacinia. Pellentesque habitant morbi tristique senectus et netus et malesuada fames ac turpis egestas. Sed sed imperdiet magna, at rhoncus arcu. Cras tincidunt felis eu vehicula consequat. Proin vel gravida quam. In tincidunt aliquam nisl. Sed velit erat, aliquam sit amet metus eget, molestie auctor nulla</p>', 'T-Shirt'),
(13, 3, 2, '2016-10-19 05:26:46', 'Nice Solid Long Coat With Lace', 'fur coat with button1.jpg', 'fur coat with button2.jpg', 'fur coat with button3.jpg', 200, '<p>Video provides a powerful way to help you prove your point. When you click Online Video, you can paste in the embed code for the video you want to add. You can also type a keyword to search online for the video that best fits your document. kingVideo provides a powerful way to help you prove your point. When you click Online Video, you can paste in the embed code for the video you want to add. You can also type a keyword to search online for the video that best fits your document</p>', 'Coats'),
(14, 3, 1, '2016-10-18 11:39:17', 'Jack & White Solid Denim Jacket', 'Jack---Jones-White-Solid-Denim-Jacket-3115-5549091-1-pdp_slider_l.jpg', 'Jack---Jones-White-Solid-Denim-Jacket-3115-5549091-2-pdp_slider_l.jpg', 'Jack---Jones-White-Solid-Denim-Jacket-3115-5549091-3-pdp_slider_l.jpg', 96, '<p>Integer tristique dictum sapien et lacinia. Pellentesque habitant morbi tristique senectus et netus et malesuada fames ac turpis egestas. Sed sed imperdiet magna, at rhoncus arcu. Cras tincidunt felis eu vehicula consequat. Proin vel gravida quam. In tincidunt aliquam nisl. Sed velit erat, aliquam sit amet metus eget, molestie auctor nulla.</p>', 'Jackets'),
(15, 1, 1, '2016-10-18 11:36:32', 'Denim Borg Lined Western Jacket', 'Next-Denim-Borg-Lined-Western-Jacket-0463-0064553-1-pdp_slider_l.jpg', 'Next-Denim-Borg-Lined-Western-Jacket-0463-0064553-2-pdp_slider_l.jpg', 'Next-Denim-Borg-Lined-Western-Jacket-0465-0064553-3-pdp_slider_l.jpg', 259, '<p>Integer tristique dictum sapien et lacinia. Pellentesque habitant morbi tristique senectus et netus et malesuada fames ac turpis egestas. Sed sed imperdiet magna, at rhoncus arcu. Cras tincidunt felis eu vehicula consequat. Proin vel gravida quam. In tincidunt aliquam nisl. Sed velit erat, aliquam sit amet metus eget, molestie auctor nulla.</p>', 'Jackets'),
(16, 1, 1, '2016-10-18 11:35:04', 'Navy Blue Solid Denim Jacket', 'Levi-s-Blue-Solid-Denim-Jacket-5953-6506172-1-pdp_slider_l.jpg', 'Levi-s-Blue-Solid-Denim-Jacket-5953-6506172-2-pdp_slider_l.jpg', 'Levi-s-Blue-Solid-Denim-Jacket-5953-6506172-3-pdp_slider_l.jpg', 230, '<p>Integer tristique dictum sapien et lacinia. Pellentesque habitant morbi tristique senectus et netus et malesuada fames ac turpis egestas. Sed sed imperdiet magna, at rhoncus arcu. Cras tincidunt felis eu vehicula consequat. Proin vel gravida quam. In tincidunt aliquam nisl. Sed velit erat, aliquam sit amet metus eget, molestie auctor nulla.</p>', 'Jackets'),
(17, 4, 2, '2016-10-18 11:43:52', 'Sleeveless Faux Fur Hybrid Coat', 'Black Blouse Versace Coat1.jpg', 'Black Blouse Versace Coat2.jpg', 'Black Blouse Versace Coat3.jpg', 245, '<p>Integer tristique dictum sapien et lacinia. Pellentesque habitant morbi tristique senectus et netus et malesuada fames ac turpis egestas. Sed sed imperdiet magna, at rhoncus arcu. Cras tincidunt felis eu vehicula consequat. Proin vel gravida quam. In tincidunt aliquam nisl. Sed velit erat, aliquam sit amet metus eget, molestie auctor nulla.Integer tristique dictum sapien et lacinia. Pellentesque habitant morbi tristique senectus et netus et malesuada fames ac turpis egestas. Sed sed imperdiet magna, at rhoncus arcu. Cras tincidunt felis eu vehicula consequat. Proin vel gravida quam. In tincidunt aliquam nisl. Sed velit erat, aliquam sit amet metus eget, molestie auctor nulla.</p>', 'Coats'),
(19, 2, 1, '2016-10-18 11:39:17', 'Jack & White Solid Denim Jacket', 'Jack---Jones-White-Solid-Denim-Jacket-3115-5549091-1-pdp_slider_l.jpg', 'Jack---Jones-White-Solid-Denim-Jacket-3115-5549091-2-pdp_slider_l.jpg', 'Jack---Jones-White-Solid-Denim-Jacket-3115-5549091-3-pdp_slider_l.jpg', 96, '<p>Integer tristique dictum sapien et lacinia. Pellentesque habitant morbi tristique senectus et netus et malesuada fames ac turpis egestas. Sed sed imperdiet magna, at rhoncus arcu. Cras tincidunt felis eu vehicula consequat. Proin vel gravida quam. In tincidunt aliquam nisl. Sed velit erat, aliquam sit amet metus eget, molestie auctor nulla.</p>', 'Jackets'),
(20, 2, 1, '2016-10-18 11:36:32', 'Denim Borg Lined Western Jacket', 'Next-Denim-Borg-Lined-Western-Jacket-0463-0064553-1-pdp_slider_l.jpg', 'Next-Denim-Borg-Lined-Western-Jacket-0463-0064553-2-pdp_slider_l.jpg', 'Next-Denim-Borg-Lined-Western-Jacket-0465-0064553-3-pdp_slider_l.jpg', 259, '<p>Integer tristique dictum sapien et lacinia. Pellentesque habitant morbi tristique senectus et netus et malesuada fames ac turpis egestas. Sed sed imperdiet magna, at rhoncus arcu. Cras tincidunt felis eu vehicula consequat. Proin vel gravida quam. In tincidunt aliquam nisl. Sed velit erat, aliquam sit amet metus eget, molestie auctor nulla.</p>', 'Jackets'),
(21, 2, 1, '2016-10-18 11:35:04', 'Navy Blue Solid Denim Jacket', 'Levi-s-Blue-Solid-Denim-Jacket-5953-6506172-1-pdp_slider_l.jpg', 'Levi-s-Blue-Solid-Denim-Jacket-5953-6506172-2-pdp_slider_l.jpg', 'Levi-s-Blue-Solid-Denim-Jacket-5953-6506172-3-pdp_slider_l.jpg', 230, '<p>Integer tristique dictum sapien et lacinia. Pellentesque habitant morbi tristique senectus et netus et malesuada fames ac turpis egestas. Sed sed imperdiet magna, at rhoncus arcu. Cras tincidunt felis eu vehicula consequat. Proin vel gravida quam. In tincidunt aliquam nisl. Sed velit erat, aliquam sit amet metus eget, molestie auctor nulla.</p>', 'Jackets'),
(22, 2, 2, '2016-10-18 11:43:52', 'Sleeveless Faux Fur Hybrid Coat', 'Black Blouse Versace Coat1.jpg', 'Black Blouse Versace Coat2.jpg', 'Black Blouse Versace Coat3.jpg', 245, '<p>Integer tristique dictum sapien et lacinia. Pellentesque habitant morbi tristique senectus et netus et malesuada fames ac turpis egestas. Sed sed imperdiet magna, at rhoncus arcu. Cras tincidunt felis eu vehicula consequat. Proin vel gravida quam. In tincidunt aliquam nisl. Sed velit erat, aliquam sit amet metus eget, molestie auctor nulla.Integer tristique dictum sapien et lacinia. Pellentesque habitant morbi tristique senectus et netus et malesuada fames ac turpis egestas. Sed sed imperdiet magna, at rhoncus arcu. Cras tincidunt felis eu vehicula consequat. Proin vel gravida quam. In tincidunt aliquam nisl. Sed velit erat, aliquam sit amet metus eget, molestie auctor nulla.</p>', 'Coats'),
(23, 3, 1, '2016-10-18 11:39:17', 'Jack & White Solid Denim Jacket', 'Jack---Jones-White-Solid-Denim-Jacket-3115-5549091-1-pdp_slider_l.jpg', 'Jack---Jones-White-Solid-Denim-Jacket-3115-5549091-2-pdp_slider_l.jpg', 'Jack---Jones-White-Solid-Denim-Jacket-3115-5549091-3-pdp_slider_l.jpg', 96, '<p>Integer tristique dictum sapien et lacinia. Pellentesque habitant morbi tristique senectus et netus et malesuada fames ac turpis egestas. Sed sed imperdiet magna, at rhoncus arcu. Cras tincidunt felis eu vehicula consequat. Proin vel gravida quam. In tincidunt aliquam nisl. Sed velit erat, aliquam sit amet metus eget, molestie auctor nulla.</p>', 'Jackets'),
(24, 3, 1, '2016-10-18 11:36:32', 'Denim Borg Lined Western Jacket', 'Next-Denim-Borg-Lined-Western-Jacket-0463-0064553-1-pdp_slider_l.jpg', 'Next-Denim-Borg-Lined-Western-Jacket-0463-0064553-2-pdp_slider_l.jpg', 'Next-Denim-Borg-Lined-Western-Jacket-0465-0064553-3-pdp_slider_l.jpg', 259, '<p>Integer tristique dictum sapien et lacinia. Pellentesque habitant morbi tristique senectus et netus et malesuada fames ac turpis egestas. Sed sed imperdiet magna, at rhoncus arcu. Cras tincidunt felis eu vehicula consequat. Proin vel gravida quam. In tincidunt aliquam nisl. Sed velit erat, aliquam sit amet metus eget, molestie auctor nulla.</p>', 'Jackets'),
(25, 3, 1, '2016-10-18 11:35:04', 'Navy Blue Solid Denim Jacket', 'Levi-s-Blue-Solid-Denim-Jacket-5953-6506172-1-pdp_slider_l.jpg', 'Levi-s-Blue-Solid-Denim-Jacket-5953-6506172-2-pdp_slider_l.jpg', 'Levi-s-Blue-Solid-Denim-Jacket-5953-6506172-3-pdp_slider_l.jpg', 230, '<p>Integer tristique dictum sapien et lacinia. Pellentesque habitant morbi tristique senectus et netus et malesuada fames ac turpis egestas. Sed sed imperdiet magna, at rhoncus arcu. Cras tincidunt felis eu vehicula consequat. Proin vel gravida quam. In tincidunt aliquam nisl. Sed velit erat, aliquam sit amet metus eget, molestie auctor nulla.</p>', 'Jackets'),
(26, 3, 2, '2016-10-18 11:43:52', 'Sleeveless Faux Fur Hybrid Coat', 'Black Blouse Versace Coat1.jpg', 'Black Blouse Versace Coat2.jpg', 'Black Blouse Versace Coat3.jpg', 245, '<p>Integer tristique dictum sapien et lacinia. Pellentesque habitant morbi tristique senectus et netus et malesuada fames ac turpis egestas. Sed sed imperdiet magna, at rhoncus arcu. Cras tincidunt felis eu vehicula consequat. Proin vel gravida quam. In tincidunt aliquam nisl. Sed velit erat, aliquam sit amet metus eget, molestie auctor nulla.Integer tristique dictum sapien et lacinia. Pellentesque habitant morbi tristique senectus et netus et malesuada fames ac turpis egestas. Sed sed imperdiet magna, at rhoncus arcu. Cras tincidunt felis eu vehicula consequat. Proin vel gravida quam. In tincidunt aliquam nisl. Sed velit erat, aliquam sit amet metus eget, molestie auctor nulla.</p>', 'Coats'),
(27, 4, 3, '2016-10-18 11:27:46', 'U.S. Polo Assn. Blue Polos shirt', 'U-S--Polo-Assn--Blue-Polos-0266-586842-1-pdp_slider_l.jpg', 'U-S--Polo-Assn--Blue-Polos-0268-586842-2-pdp_slider_l.jpg', 'U-S--Polo-Assn--Blue-Polos-0271-586842-3-pdp_slider_l.jpg', 69, '<p>Integer tristique dictum sapien et lacinia. Pellentesque habitant morbi tristique senectus et netus et malesuada fames ac turpis egestas. Sed sed imperdiet magna, at rhoncus arcu. Cras tincidunt felis eu vehicula consequat. Proin vel gravida quam. In tincidunt aliquam nisl. Sed velit erat, aliquam sit amet metus eget, molestie auctor nulla.</p>', 'T-Shirt'),
(28, 4, 2, '2016-10-18 11:43:52', 'Sleeveless Faux Fur Hybrid Coat', 'Black Blouse Versace Coat1.jpg', 'Black Blouse Versace Coat2.jpg', 'Black Blouse Versace Coat3.jpg', 245, '<p>Integer tristique dictum sapien et lacinia. Pellentesque habitant morbi tristique senectus et netus et malesuada fames ac turpis egestas. Sed sed imperdiet magna, at rhoncus arcu. Cras tincidunt felis eu vehicula consequat. Proin vel gravida quam. In tincidunt aliquam nisl. Sed velit erat, aliquam sit amet metus eget, molestie auctor nulla.Integer tristique dictum sapien et lacinia. Pellentesque habitant morbi tristique senectus et netus et malesuada fames ac turpis egestas. Sed sed imperdiet magna, at rhoncus arcu. Cras tincidunt felis eu vehicula consequat. Proin vel gravida quam. In tincidunt aliquam nisl. Sed velit erat, aliquam sit amet metus eget, molestie auctor nulla.</p>', 'Coats'),
(29, 4, 1, '2016-10-18 11:35:04', 'Navy Blue Solid Denim Jacket', 'Levi-s-Blue-Solid-Denim-Jacket-5953-6506172-1-pdp_slider_l.jpg', 'Levi-s-Blue-Solid-Denim-Jacket-5953-6506172-2-pdp_slider_l.jpg', 'Levi-s-Blue-Solid-Denim-Jacket-5953-6506172-3-pdp_slider_l.jpg', 230, '<p>Integer tristique dictum sapien et lacinia. Pellentesque habitant morbi tristique senectus et netus et malesuada fames ac turpis egestas. Sed sed imperdiet magna, at rhoncus arcu. Cras tincidunt felis eu vehicula consequat. Proin vel gravida quam. In tincidunt aliquam nisl. Sed velit erat, aliquam sit amet metus eget, molestie auctor nulla.</p>', 'Jackets');

-- --------------------------------------------------------

--
-- Table structure for table `product_categories`
--

CREATE TABLE `product_categories` (
  `p_cat_id` int(10) NOT NULL,
  `p_cat_title` tinytext NOT NULL,
  `p_cat_desc` text NOT NULL
) ENGINE=InnoDB DEFAULT CHARSET=latin1;

--
-- Dumping data for table `product_categories`
--

INSERT INTO `product_categories` (`p_cat_id`, `p_cat_title`, `p_cat_desc`) VALUES
(1, 'Jackets', 'Nisi amet incididunt eiusmod deserunt irure eiusmod id pariatur consectetur incididunt enim dolore proident cillum.\r\n'),
(2, 'Accessories', 'Nisi amet incididunt eiusmod deserunt irure eiusmod id pariatur consectetur incididunt enim dolore proident cillum.\r\n'),
(3, 'Cloths', 'Sunt amet velit magna aliqua nostrud id sunt reprehenderit. Enim non aute quis officia cupidatat sit laboris ullamco cillum commodo. Ipsum reprehenderit adipisicing cillum dolor veniam sint est. Dolor anim deserunt laboris dolore et fugiat amet quis consequat mollit duis.'),
(4, 'T-Shirts', '\r\nSunt amet velit magna aliqua nostrud id sunt reprehenderit. Enim non aute quis officia cupidatat sit laboris ullamco cillum commodo. Ipsum reprehenderit adipisicing cillum dolor veniam sint est. Dolor anim deserunt laboris dolore et fugiat amet quis consequat mollit duis.'),
(5, 'Shoes', '\r\nSunt amet velit magna aliqua nostrud id sunt reprehenderit. Enim non aute quis officia cupidatat sit laboris ullamco cillum commodo. Ipsum reprehenderit adipisicing cillum dolor veniam sint est. Dolor anim deserunt laboris dolore et fugiat amet quis consequat mollit duis.');

-- --------------------------------------------------------

--
-- Table structure for table `slider`
--

CREATE TABLE `slider` (
  `slide_id` int(11) NOT NULL,
  `slide_name` varchar(255) DEFAULT NULL,
  `slide_image` text DEFAULT NULL
) ENGINE=InnoDB DEFAULT CHARSET=latin1;

--
-- Dumping data for table `slider`
--

INSERT INTO `slider` (`slide_id`, `slide_name`, `slide_image`) VALUES
(1, 'Slide Number 1', '1.jpg'),
(2, 'Slide Number 2', '2.jpg'),
(3, 'Slide Number 3', '3.jpg'),
(4, 'Slide Number 4', '4.jpg');

--
-- Indexes for dumped tables
--

--
-- Indexes for table `categories`
--
ALTER TABLE `categories`
  ADD PRIMARY KEY (`cat_id`);

--
-- Indexes for table `customers`
--
ALTER TABLE `customers`
  ADD PRIMARY KEY (`customer_id`);

--
-- Indexes for table `customer_orders`
--
ALTER TABLE `customer_orders`
  ADD PRIMARY KEY (`order_id`);

--
-- Indexes for table `panding_orders`
--
ALTER TABLE `panding_orders`
  ADD PRIMARY KEY (`order_id`);

--
-- Indexes for table `products`
--
ALTER TABLE `products`
  ADD PRIMARY KEY (`product_id`);

--
-- Indexes for table `product_categories`
--
ALTER TABLE `product_categories`
  ADD PRIMARY KEY (`p_cat_id`);

--
-- Indexes for table `slider`
--
ALTER TABLE `slider`
  ADD PRIMARY KEY (`slide_id`);

--
-- AUTO_INCREMENT for dumped tables
--

--
-- AUTO_INCREMENT for table `categories`
--
ALTER TABLE `categories`
  MODIFY `cat_id` int(11) NOT NULL AUTO_INCREMENT, AUTO_INCREMENT=5;
--
-- AUTO_INCREMENT for table `customers`
--
ALTER TABLE `customers`
  MODIFY `customer_id` int(10) NOT NULL AUTO_INCREMENT, AUTO_INCREMENT=4;
--
-- AUTO_INCREMENT for table `customer_orders`
--
ALTER TABLE `customer_orders`
  MODIFY `order_id` int(10) NOT NULL AUTO_INCREMENT, AUTO_INCREMENT=4;
--
-- AUTO_INCREMENT for table `panding_orders`
--
ALTER TABLE `panding_orders`
  MODIFY `order_id` int(10) NOT NULL AUTO_INCREMENT, AUTO_INCREMENT=3;
--
-- AUTO_INCREMENT for table `products`
--
ALTER TABLE `products`
  MODIFY `product_id` int(10) NOT NULL AUTO_INCREMENT, AUTO_INCREMENT=30;
--
-- AUTO_INCREMENT for table `product_categories`
--
ALTER TABLE `product_categories`
  MODIFY `p_cat_id` int(10) NOT NULL AUTO_INCREMENT, AUTO_INCREMENT=6;
--
-- AUTO_INCREMENT for table `slider`
--
ALTER TABLE `slider`
  MODIFY `slide_id` int(11) NOT NULL AUTO_INCREMENT, AUTO_INCREMENT=5;
/*!40101 SET CHARACTER_SET_CLIENT=@OLD_CHARACTER_SET_CLIENT */;
/*!40101 SET CHARACTER_SET_RESULTS=@OLD_CHARACTER_SET_RESULTS */;
/*!40101 SET COLLATION_CONNECTION=@OLD_COLLATION_CONNECTION */;
